Sample ID	Barcode Seq	Primer Seq (adapter)	Location	Date Collected	Sample Name
CP01	TAAGGCGATAGATCGC	CTGTCTCTTATACACATCT	India Point Park	3/22/2019	W_19_IPT1
CP02	CGTACTAGTAGATCGC	CTGTCTCTTATACACATCT	India Point Park	3/22/2019	W_19_IPT2
CP03	AGGCAGAATAGATCGC	CTGTCTCTTATACACATCT	India Point Park	3/22/2019	W_19_IPT3
CP04	TCCTGAGCTAGATCGC	CTGTCTCTTATACACATCT	Sabin Point Park	3/22/2019	W_19_SP1
CP05	GGACTCCTTAGATCGC	CTGTCTCTTATACACATCT	Sabin Point Park	3/22/2019	W_19_SP2
CP06	TAGGCATGTAGATCGC	CTGTCTCTTATACACATCT	Sabin Point Park	3/22/2019	W_19_SP3
CP07	CTCTCTACTAGATCGC	CTGTCTCTTATACACATCT	Haines Point Boat Launch	3/22/2019	W_19_HP1
CP08	CAGAGAGGTAGATCGC	CTGTCTCTTATACACATCT	Haines Point Boat Launch	3/22/2019	W_19_HP2
CP09	GCTACGCTTAGATCGC	CTGTCTCTTATACACATCT	Haines Point Boat Launch	3/22/2019	W_19_HP3
CP10	CGAGGCTGTAGATCGC	CTGTCTCTTATACACATCT	Conimucut point park	3/22/2019	W_19_CP1